-- phpMyAdmin SQL Dump
-- version 5.1.1
-- https://www.phpmyadmin.net/
--
-- Host: localhost
-- Generation Time: Jun 10, 2021 at 11:05 PM
-- Server version: 8.0.25
-- PHP Version: 7.4.3

SET SQL_MODE = "NO_AUTO_VALUE_ON_ZERO";
START TRANSACTION;
SET time_zone = "+00:00";


/*!40101 SET @OLD_CHARACTER_SET_CLIENT=@@CHARACTER_SET_CLIENT */;
/*!40101 SET @OLD_CHARACTER_SET_RESULTS=@@CHARACTER_SET_RESULTS */;
/*!40101 SET @OLD_COLLATION_CONNECTION=@@COLLATION_CONNECTION */;
/*!40101 SET NAMES utf8mb4 */;

--
-- Database: `db_gateway`
--

-- --------------------------------------------------------

--
-- Table structure for table `admin`
--

CREATE TABLE `admin` (
  `admin_id` int NOT NULL,
  `username` varchar(100) NOT NULL,
  `password` varchar(255) NOT NULL
) ENGINE=InnoDB DEFAULT CHARSET=utf8mb4 COLLATE=utf8mb4_0900_ai_ci;

--
-- Dumping data for table `admin`
--

INSERT INTO `admin` (`admin_id`, `username`, `password`) VALUES
(1, 'AvandhyKurniawan', 'df350745619f8cc8689e1ce688abcbe70575f563c1ef79027b98f022fac7d526bb829731fa886c302888c4f8e709045efaded228097d2aa96b13668107d4dc1aELuHP736E7pk1YxR6pnuyD+vQKkQ61YrI8p3FPYSybw=');

-- --------------------------------------------------------

--
-- Table structure for table `lantai`
--

CREATE TABLE `lantai` (
  `lantai_id` int NOT NULL,
  `tower_id` int NOT NULL,
  `no_lantai` varchar(25) NOT NULL
) ENGINE=InnoDB DEFAULT CHARSET=utf8mb4 COLLATE=utf8mb4_0900_ai_ci;

--
-- Dumping data for table `lantai`
--

INSERT INTO `lantai` (`lantai_id`, `tower_id`, `no_lantai`) VALUES
(1, 1, '02'),
(2, 1, '03'),
(3, 1, '05'),
(4, 1, '06'),
(5, 1, '07'),
(6, 1, '08'),
(7, 1, '09'),
(8, 1, '10'),
(9, 1, '11'),
(10, 1, '12'),
(11, 1, '15'),
(12, 1, '16'),
(13, 1, '17'),
(14, 1, '18'),
(15, 1, '19'),
(16, 1, '20'),
(17, 1, '8A'),
(18, 2, '02'),
(19, 2, '03'),
(20, 2, '05'),
(21, 2, '06'),
(22, 2, '07'),
(23, 2, '08'),
(24, 2, '09'),
(25, 2, '10'),
(26, 2, '11'),
(27, 2, '12'),
(28, 2, '15'),
(29, 2, '16'),
(30, 2, '17'),
(31, 2, '18'),
(32, 2, '19'),
(33, 2, '20'),
(34, 2, '8A'),
(35, 3, '02'),
(36, 3, '03'),
(37, 3, '05'),
(38, 3, '06'),
(39, 3, '07'),
(40, 3, '08'),
(41, 3, '09'),
(42, 3, '10'),
(43, 3, '11'),
(44, 3, '12'),
(45, 3, '15'),
(46, 3, '16'),
(47, 3, '17'),
(48, 3, '18'),
(49, 3, '19'),
(50, 3, '20'),
(51, 3, '8A'),
(52, 4, '02'),
(53, 4, '03'),
(54, 4, '05'),
(55, 4, '06'),
(56, 4, '07'),
(57, 4, '08'),
(58, 4, '09'),
(59, 4, '10'),
(60, 4, '11'),
(61, 4, '12'),
(62, 4, '15'),
(63, 4, '16'),
(64, 4, '17'),
(65, 4, '8A'),
(66, 5, '1'),
(67, 6, '1'),
(68, 7, '1'),
(69, 8, '1'),
(70, 9, '1');

-- --------------------------------------------------------

--
-- Table structure for table `peserta`
--

CREATE TABLE `peserta` (
  `peserta_id` int NOT NULL,
  `nama_lengkap` varchar(50) NOT NULL,
  `email` varchar(50) NOT NULL,
  `tlp` int NOT NULL,
  `foto_ktp` varchar(255) NOT NULL,
  `foto_diri` varchar(255) NOT NULL,
  `foto_kuasa` varchar(255) NOT NULL,
  `domisili` varchar(50) NOT NULL,
  `alamat_ktp` varchar(255) DEFAULT NULL,
  `status` enum('recepted','rejected','hold') NOT NULL DEFAULT 'hold',
  `status_peserta` enum('Pemilik','Penyewa','Pemegang Kuasa') CHARACTER SET utf8mb4 COLLATE utf8mb4_0900_ai_ci NOT NULL,
  `unit_id` int NOT NULL
) ENGINE=InnoDB DEFAULT CHARSET=utf8mb4 COLLATE=utf8mb4_0900_ai_ci;

--
-- Dumping data for table `peserta`
--

INSERT INTO `peserta` (`peserta_id`, `nama_lengkap`, `email`, `tlp`, `foto_ktp`, `foto_diri`, `foto_kuasa`, `domisili`, `alamat_ktp`, `status`, `status_peserta`, `unit_id`) VALUES
(1, 'Avandhy Kurniawan', 'avandhykurniawan@gmail.com', 8888, '39e7b9c88213510db98ba2ea7606fe25/image.png', '39e7b9c88213510db98ba2ea7606fe25/image_(1).png', '', 'Cikupa', 'Cikupa', 'recepted', 'Pemilik', 213);

-- --------------------------------------------------------

--
-- Table structure for table `setting`
--

CREATE TABLE `setting` (
  `setting_id` int NOT NULL,
  `info_agenda` text NOT NULL,
  `info_tatatertib` text NOT NULL,
  `file_agenda` varchar(255) NOT NULL,
  `file_tatatertib` varchar(255) NOT NULL,
  `link_zoom` varchar(100) NOT NULL,
  `password_zoom` varchar(25) NOT NULL
) ENGINE=InnoDB DEFAULT CHARSET=utf8mb4 COLLATE=utf8mb4_0900_ai_ci;

-- --------------------------------------------------------

--
-- Table structure for table `tower`
--

CREATE TABLE `tower` (
  `tower_id` int NOT NULL,
  `nama_tower` varchar(25) NOT NULL
) ENGINE=InnoDB DEFAULT CHARSET=utf8mb4 COLLATE=utf8mb4_0900_ai_ci;

--
-- Dumping data for table `tower`
--

INSERT INTO `tower` (`tower_id`, `nama_tower`) VALUES
(1, 'A'),
(2, 'B'),
(3, 'C'),
(4, 'D'),
(5, 'AD'),
(6, 'AL'),
(7, 'BD'),
(8, 'BL'),
(9, 'DD');

-- --------------------------------------------------------

--
-- Table structure for table `unit`
--

CREATE TABLE `unit` (
  `unit_id` int NOT NULL,
  `lantai_id` int NOT NULL,
  `nama_unit` varchar(25) NOT NULL
) ENGINE=InnoDB DEFAULT CHARSET=utf8mb4 COLLATE=utf8mb4_0900_ai_ci;

--
-- Dumping data for table `unit`
--

INSERT INTO `unit` (`unit_id`, `lantai_id`, `nama_unit`) VALUES
(1, 1, '01'),
(2, 1, '02'),
(3, 1, '03'),
(4, 1, '05'),
(5, 1, '06'),
(6, 1, '07'),
(7, 1, '08'),
(8, 1, '09'),
(9, 1, '10'),
(10, 1, '11'),
(11, 1, '12'),
(12, 1, '15'),
(13, 1, '16'),
(14, 1, '17'),
(15, 2, '01'),
(16, 2, '02'),
(17, 2, '03'),
(18, 2, '05'),
(19, 2, '06'),
(20, 2, '07'),
(21, 2, '08'),
(22, 2, '09'),
(23, 2, '10'),
(24, 2, '11'),
(25, 2, '12'),
(26, 2, '15'),
(27, 2, '16'),
(28, 2, '17'),
(29, 3, '01'),
(30, 3, '02'),
(31, 3, '03'),
(32, 3, '05'),
(33, 3, '06'),
(34, 3, '07'),
(35, 3, '08'),
(36, 3, '09'),
(37, 3, '10'),
(38, 3, '11'),
(39, 3, '12'),
(40, 3, '15'),
(41, 3, '16'),
(42, 3, '17'),
(43, 4, '01'),
(44, 4, '02'),
(45, 4, '03'),
(46, 4, '05'),
(47, 4, '06'),
(48, 4, '07'),
(49, 4, '08'),
(50, 4, '09'),
(51, 4, '10'),
(52, 4, '11'),
(53, 4, '12'),
(54, 4, '15'),
(55, 4, '16'),
(56, 4, '17'),
(57, 5, '01'),
(58, 5, '02'),
(59, 5, '03'),
(60, 5, '05'),
(61, 5, '06'),
(62, 5, '07'),
(63, 5, '08'),
(64, 5, '09'),
(65, 5, '10'),
(66, 5, '11'),
(67, 5, '12'),
(68, 5, '15'),
(69, 5, '16'),
(70, 5, '17'),
(71, 6, '01'),
(72, 6, '02'),
(73, 6, '03'),
(74, 6, '05'),
(75, 6, '06'),
(76, 6, '07'),
(77, 6, '08'),
(78, 6, '09'),
(79, 6, '10'),
(80, 6, '11'),
(81, 6, '12'),
(82, 6, '15'),
(83, 6, '16'),
(84, 6, '17'),
(85, 7, '01'),
(86, 7, '02'),
(87, 7, '03'),
(88, 7, '05'),
(89, 7, '06'),
(90, 7, '07'),
(91, 7, '08'),
(92, 7, '09'),
(93, 7, '10'),
(94, 7, '11'),
(95, 7, '12'),
(96, 7, '15'),
(97, 7, '16'),
(98, 7, '17'),
(99, 8, '01'),
(100, 8, '02'),
(101, 8, '03'),
(102, 8, '05'),
(103, 8, '06'),
(104, 8, '07'),
(105, 8, '08'),
(106, 8, '09'),
(107, 8, '10'),
(108, 8, '11'),
(109, 8, '12'),
(110, 8, '15'),
(111, 8, '16'),
(112, 8, '17'),
(113, 9, '01'),
(114, 9, '02'),
(115, 9, '03'),
(116, 9, '05'),
(117, 9, '06'),
(118, 9, '07'),
(119, 9, '08'),
(120, 9, '09'),
(121, 9, '10'),
(122, 9, '11'),
(123, 9, '12'),
(124, 9, '15'),
(125, 9, '16'),
(126, 9, '17'),
(127, 10, '01'),
(128, 10, '02'),
(129, 10, '03'),
(130, 10, '05'),
(131, 10, '06'),
(132, 10, '07'),
(133, 10, '08'),
(134, 10, '09'),
(135, 10, '10'),
(136, 10, '11'),
(137, 10, '12'),
(138, 10, '15'),
(139, 10, '16'),
(140, 10, '17'),
(141, 11, '01'),
(142, 11, '02'),
(143, 11, '03'),
(144, 11, '05'),
(145, 11, '06'),
(146, 11, '07'),
(147, 11, '08'),
(148, 11, '09'),
(149, 11, '10'),
(150, 11, '11'),
(151, 11, '12'),
(152, 11, '15'),
(153, 11, '16'),
(154, 11, '17'),
(155, 12, '01'),
(156, 12, '02'),
(157, 12, '03'),
(158, 12, '05'),
(159, 12, '06'),
(160, 12, '07'),
(161, 12, '08'),
(162, 12, '09'),
(163, 12, '10'),
(164, 12, '11'),
(165, 12, '12'),
(166, 12, '15'),
(167, 12, '16'),
(168, 12, '17'),
(169, 13, '01'),
(170, 13, '02'),
(171, 13, '03'),
(172, 13, '05'),
(173, 13, '06'),
(174, 13, '07'),
(175, 13, '08'),
(176, 13, '09'),
(177, 13, '10'),
(178, 13, '11'),
(179, 13, '12'),
(180, 13, '15'),
(181, 13, '16'),
(182, 13, '17'),
(183, 14, '01'),
(184, 14, '02'),
(185, 14, '03'),
(186, 14, '05'),
(187, 14, '06'),
(188, 14, '07'),
(189, 14, '08'),
(190, 14, '09'),
(191, 14, '10'),
(192, 14, '11'),
(193, 14, '12'),
(194, 14, '15'),
(195, 14, '16'),
(196, 14, '17'),
(197, 14, '5A'),
(198, 15, '01'),
(199, 15, '02'),
(200, 15, '03'),
(201, 15, '05'),
(202, 15, '06'),
(203, 15, '07'),
(204, 15, '08'),
(205, 15, '09'),
(206, 15, '10'),
(207, 15, '11'),
(208, 15, '12'),
(209, 15, '15'),
(210, 15, '16'),
(211, 15, '17'),
(212, 15, '5A'),
(213, 16, '01'),
(214, 16, '02'),
(215, 16, '03'),
(216, 16, '05'),
(217, 16, '06'),
(218, 16, '07'),
(219, 16, '08'),
(220, 16, '09'),
(221, 16, '10'),
(222, 16, '11'),
(223, 16, '12'),
(224, 16, '15'),
(225, 16, '16'),
(226, 16, '17'),
(227, 16, '5A'),
(228, 17, '01'),
(229, 17, '02'),
(230, 17, '03'),
(231, 17, '05'),
(232, 17, '06'),
(233, 17, '07'),
(234, 17, '08'),
(235, 17, '09'),
(236, 17, '10'),
(237, 17, '11'),
(238, 17, '12'),
(239, 17, '15'),
(240, 17, '16'),
(241, 17, '17'),
(242, 18, '01'),
(243, 18, '02'),
(244, 18, '03'),
(245, 18, '05'),
(246, 18, '06'),
(247, 18, '07'),
(248, 18, '08'),
(249, 18, '09'),
(250, 18, '10'),
(251, 18, '11'),
(252, 18, '12'),
(253, 18, '15'),
(254, 18, '16'),
(255, 18, '17'),
(256, 18, '18'),
(257, 18, '19'),
(258, 18, '20'),
(259, 18, '21'),
(260, 18, '23'),
(261, 18, '25'),
(262, 18, '26'),
(263, 18, '27'),
(264, 19, '01'),
(265, 19, '02'),
(266, 19, '03'),
(267, 19, '05'),
(268, 19, '06'),
(269, 19, '07'),
(270, 19, '08'),
(271, 19, '09'),
(272, 19, '10'),
(273, 19, '11'),
(274, 19, '12'),
(275, 19, '15'),
(276, 19, '16'),
(277, 19, '17'),
(278, 19, '18'),
(279, 19, '19'),
(280, 19, '20'),
(281, 19, '21'),
(282, 19, '23'),
(283, 19, '25'),
(284, 19, '26'),
(285, 19, '27'),
(286, 20, '01'),
(287, 20, '02'),
(288, 20, '03'),
(289, 20, '05'),
(290, 20, '06'),
(291, 20, '07'),
(292, 20, '08'),
(293, 20, '09'),
(294, 20, '10'),
(295, 20, '11'),
(296, 20, '12'),
(297, 20, '15'),
(298, 20, '16'),
(299, 20, '17'),
(300, 20, '18'),
(301, 20, '19'),
(302, 20, '20'),
(303, 20, '21'),
(304, 20, '23'),
(305, 20, '25'),
(306, 20, '26'),
(307, 20, '27'),
(308, 21, '01'),
(309, 21, '02'),
(310, 21, '03'),
(311, 21, '05'),
(312, 21, '06'),
(313, 21, '07'),
(314, 21, '08'),
(315, 21, '09'),
(316, 21, '10'),
(317, 21, '11'),
(318, 21, '12'),
(319, 21, '15'),
(320, 21, '16'),
(321, 21, '17'),
(322, 21, '18'),
(323, 21, '19'),
(324, 21, '20'),
(325, 21, '21'),
(326, 21, '23'),
(327, 21, '25'),
(328, 21, '26'),
(329, 21, '27'),
(330, 22, '01'),
(331, 22, '02'),
(332, 22, '03'),
(333, 22, '05'),
(334, 22, '06'),
(335, 22, '07'),
(336, 22, '08'),
(337, 22, '09'),
(338, 22, '10'),
(339, 22, '11'),
(340, 22, '12'),
(341, 22, '15'),
(342, 22, '16'),
(343, 22, '17'),
(344, 22, '18'),
(345, 22, '19'),
(346, 22, '20'),
(347, 22, '21'),
(348, 22, '23'),
(349, 22, '25'),
(350, 22, '26'),
(351, 22, '27'),
(352, 23, '01'),
(353, 23, '02'),
(354, 23, '03'),
(355, 23, '05'),
(356, 23, '06'),
(357, 23, '07'),
(358, 23, '08'),
(359, 23, '09'),
(360, 23, '10'),
(361, 23, '11'),
(362, 23, '12'),
(363, 23, '15'),
(364, 23, '16'),
(365, 23, '17'),
(366, 23, '18'),
(367, 23, '19'),
(368, 23, '20'),
(369, 23, '21'),
(370, 23, '23'),
(371, 23, '25'),
(372, 23, '26'),
(373, 23, '27'),
(374, 24, '01'),
(375, 24, '02'),
(376, 24, '03'),
(377, 24, '05'),
(378, 24, '06'),
(379, 24, '07'),
(380, 24, '08'),
(381, 24, '09'),
(382, 24, '10'),
(383, 24, '11'),
(384, 24, '12'),
(385, 24, '15'),
(386, 24, '16'),
(387, 24, '17'),
(388, 24, '18'),
(389, 24, '19'),
(390, 24, '20'),
(391, 24, '21'),
(392, 24, '23'),
(393, 24, '25'),
(394, 24, '26'),
(395, 24, '27'),
(396, 25, '01'),
(397, 25, '02'),
(398, 25, '03'),
(399, 25, '05'),
(400, 25, '06'),
(401, 25, '07'),
(402, 25, '08'),
(403, 25, '09'),
(404, 25, '10'),
(405, 25, '11'),
(406, 25, '12'),
(407, 25, '15'),
(408, 25, '16'),
(409, 25, '17'),
(410, 25, '18'),
(411, 25, '19'),
(412, 25, '20'),
(413, 25, '21'),
(414, 25, '23'),
(415, 25, '25'),
(416, 25, '26'),
(417, 25, '27'),
(418, 26, '01'),
(419, 26, '02'),
(420, 26, '03'),
(421, 26, '05'),
(422, 26, '06'),
(423, 26, '07'),
(424, 26, '08'),
(425, 26, '09'),
(426, 26, '10'),
(427, 26, '11'),
(428, 26, '12'),
(429, 26, '15'),
(430, 26, '16'),
(431, 26, '17'),
(432, 26, '18'),
(433, 26, '19'),
(434, 26, '20'),
(435, 26, '21'),
(436, 26, '23'),
(437, 26, '25'),
(438, 26, '26'),
(439, 26, '27'),
(440, 27, '01'),
(441, 27, '02'),
(442, 27, '03'),
(443, 27, '05'),
(444, 27, '06'),
(445, 27, '07'),
(446, 27, '08'),
(447, 27, '09'),
(448, 27, '10'),
(449, 27, '11'),
(450, 27, '12'),
(451, 27, '15'),
(452, 27, '16'),
(453, 27, '17'),
(454, 27, '18'),
(455, 27, '19'),
(456, 27, '20'),
(457, 27, '21'),
(458, 27, '23'),
(459, 27, '25'),
(460, 27, '26'),
(461, 27, '27'),
(462, 28, '01'),
(463, 28, '02'),
(464, 28, '03'),
(465, 28, '05'),
(466, 28, '06'),
(467, 28, '07'),
(468, 28, '08'),
(469, 28, '09'),
(470, 28, '10'),
(471, 28, '11'),
(472, 28, '12'),
(473, 28, '15'),
(474, 28, '16'),
(475, 28, '17'),
(476, 28, '18'),
(477, 28, '19'),
(478, 28, '20'),
(479, 28, '21'),
(480, 28, '23'),
(481, 28, '25'),
(482, 28, '26'),
(483, 28, '27'),
(484, 29, '01'),
(485, 29, '02'),
(486, 29, '03'),
(487, 29, '05'),
(488, 29, '06'),
(489, 29, '07'),
(490, 29, '08'),
(491, 29, '09'),
(492, 29, '10'),
(493, 29, '11'),
(494, 29, '12'),
(495, 29, '15'),
(496, 29, '16'),
(497, 29, '17'),
(498, 29, '18'),
(499, 29, '19'),
(500, 29, '20'),
(501, 29, '21'),
(502, 29, '23'),
(503, 29, '25'),
(504, 29, '26'),
(505, 29, '27'),
(506, 30, '01'),
(507, 30, '02'),
(508, 30, '03'),
(509, 30, '05'),
(510, 30, '06'),
(511, 30, '07'),
(512, 30, '08'),
(513, 30, '09'),
(514, 30, '10'),
(515, 30, '11'),
(516, 30, '12'),
(517, 30, '15'),
(518, 30, '16'),
(519, 30, '17'),
(520, 30, '18'),
(521, 30, '19'),
(522, 30, '20'),
(523, 30, '21'),
(524, 30, '23'),
(525, 30, '25'),
(526, 30, '26'),
(527, 30, '27'),
(528, 31, '01'),
(529, 31, '02'),
(530, 31, '03'),
(531, 31, '05'),
(532, 31, '06'),
(533, 31, '07'),
(534, 31, '08'),
(535, 31, '09'),
(536, 31, '10'),
(537, 31, '11'),
(538, 31, '12'),
(539, 31, '15'),
(540, 31, '16'),
(541, 31, '17'),
(542, 31, '18'),
(543, 31, '19'),
(544, 31, '20'),
(545, 31, '21'),
(546, 31, '23'),
(547, 31, '25'),
(548, 31, '26'),
(549, 31, '27'),
(550, 32, '01'),
(551, 32, '02'),
(552, 32, '03'),
(553, 32, '05'),
(554, 32, '06'),
(555, 32, '07'),
(556, 32, '08'),
(557, 32, '09'),
(558, 32, '10'),
(559, 32, '11'),
(560, 32, '12'),
(561, 32, '15'),
(562, 32, '16'),
(563, 32, '17'),
(564, 32, '18'),
(565, 32, '19'),
(566, 32, '20'),
(567, 32, '21'),
(568, 32, '23'),
(569, 32, '25'),
(570, 32, '26'),
(571, 32, '27'),
(572, 33, '01'),
(573, 33, '02'),
(574, 33, '03'),
(575, 33, '05'),
(576, 33, '06'),
(577, 33, '07'),
(578, 33, '08'),
(579, 33, '09'),
(580, 33, '10'),
(581, 33, '11'),
(582, 33, '12'),
(583, 33, '15'),
(584, 33, '16'),
(585, 33, '17'),
(586, 33, '18'),
(587, 33, '19'),
(588, 33, '20'),
(589, 33, '21'),
(590, 33, '23'),
(591, 33, '25'),
(592, 33, '26'),
(593, 33, '27'),
(594, 34, '01'),
(595, 34, '02'),
(596, 34, '03'),
(597, 34, '05'),
(598, 34, '06'),
(599, 34, '07'),
(600, 34, '08'),
(601, 34, '09'),
(602, 34, '10'),
(603, 34, '11'),
(604, 34, '12'),
(605, 34, '15'),
(606, 34, '16'),
(607, 34, '17'),
(608, 34, '18'),
(609, 34, '19'),
(610, 34, '20'),
(611, 34, '21'),
(612, 34, '23'),
(613, 34, '25'),
(614, 34, '26'),
(615, 34, '27'),
(616, 35, '01'),
(617, 35, '02'),
(618, 35, '03'),
(619, 35, '05'),
(620, 35, '06'),
(621, 35, '07'),
(622, 35, '08'),
(623, 35, '09'),
(624, 35, '10'),
(625, 35, '11'),
(626, 35, '12'),
(627, 35, '15'),
(628, 35, '16'),
(629, 35, '17'),
(630, 36, '01'),
(631, 36, '02'),
(632, 36, '03'),
(633, 36, '05'),
(634, 36, '06'),
(635, 36, '07'),
(636, 36, '08'),
(637, 36, '09'),
(638, 36, '10'),
(639, 36, '11'),
(640, 36, '12'),
(641, 36, '15'),
(642, 36, '16'),
(643, 36, '17'),
(644, 37, '01'),
(645, 37, '02'),
(646, 37, '03'),
(647, 37, '05'),
(648, 37, '06'),
(649, 37, '07'),
(650, 37, '08'),
(651, 37, '09'),
(652, 37, '10'),
(653, 37, '11'),
(654, 37, '12'),
(655, 37, '15'),
(656, 37, '16'),
(657, 37, '17'),
(658, 38, '01'),
(659, 38, '02'),
(660, 38, '03'),
(661, 38, '05'),
(662, 38, '06'),
(663, 38, '07'),
(664, 38, '08'),
(665, 38, '09'),
(666, 38, '10'),
(667, 38, '11'),
(668, 38, '12'),
(669, 38, '15'),
(670, 38, '16'),
(671, 38, '17'),
(672, 39, '01'),
(673, 39, '02'),
(674, 39, '03'),
(675, 39, '05'),
(676, 39, '06'),
(677, 39, '07'),
(678, 39, '08'),
(679, 39, '09'),
(680, 39, '10'),
(681, 39, '11'),
(682, 39, '12'),
(683, 39, '15'),
(684, 39, '16'),
(685, 39, '17'),
(686, 40, '01'),
(687, 40, '02'),
(688, 40, '03'),
(689, 40, '05'),
(690, 40, '06'),
(691, 40, '07'),
(692, 40, '08'),
(693, 40, '09'),
(694, 40, '10'),
(695, 40, '11'),
(696, 40, '12'),
(697, 40, '15'),
(698, 40, '16'),
(699, 40, '17'),
(700, 41, '01'),
(701, 41, '02'),
(702, 41, '03'),
(703, 41, '05'),
(704, 41, '06'),
(705, 41, '07'),
(706, 41, '08'),
(707, 41, '09'),
(708, 41, '10'),
(709, 41, '11'),
(710, 41, '12'),
(711, 41, '15'),
(712, 41, '16'),
(713, 41, '17'),
(714, 42, '01'),
(715, 42, '02'),
(716, 42, '03'),
(717, 42, '05'),
(718, 42, '06'),
(719, 42, '07'),
(720, 42, '08'),
(721, 42, '09'),
(722, 42, '10'),
(723, 42, '11'),
(724, 42, '12'),
(725, 42, '15'),
(726, 42, '16'),
(727, 42, '17'),
(728, 43, '01'),
(729, 43, '02'),
(730, 43, '03'),
(731, 43, '05'),
(732, 43, '06'),
(733, 43, '07'),
(734, 43, '08'),
(735, 43, '09'),
(736, 43, '10'),
(737, 43, '11'),
(738, 43, '12'),
(739, 43, '15'),
(740, 43, '16'),
(741, 43, '17'),
(742, 44, '01'),
(743, 44, '02'),
(744, 44, '03'),
(745, 44, '05'),
(746, 44, '06'),
(747, 44, '07'),
(748, 44, '08'),
(749, 44, '09'),
(750, 44, '10'),
(751, 44, '11'),
(752, 44, '12'),
(753, 44, '15'),
(754, 44, '16'),
(755, 44, '17'),
(756, 45, '01'),
(757, 45, '02'),
(758, 45, '03'),
(759, 45, '05'),
(760, 45, '06'),
(761, 45, '07'),
(762, 45, '08'),
(763, 45, '09'),
(764, 45, '10'),
(765, 45, '11'),
(766, 45, '12'),
(767, 45, '15'),
(768, 45, '16'),
(769, 45, '17'),
(770, 46, '01'),
(771, 46, '02'),
(772, 46, '03'),
(773, 46, '05'),
(774, 46, '06'),
(775, 46, '07'),
(776, 46, '08'),
(777, 46, '09'),
(778, 46, '10'),
(779, 46, '11'),
(780, 46, '12'),
(781, 46, '15'),
(782, 46, '16'),
(783, 46, '17'),
(784, 47, '01'),
(785, 47, '02'),
(786, 47, '03'),
(787, 47, '05'),
(788, 47, '06'),
(789, 47, '07'),
(790, 47, '08'),
(791, 47, '09'),
(792, 47, '10'),
(793, 47, '11'),
(794, 47, '12'),
(795, 47, '15'),
(796, 47, '16'),
(797, 47, '17'),
(798, 48, '01'),
(799, 48, '02'),
(800, 48, '03'),
(801, 48, '05'),
(802, 48, '06'),
(803, 48, '07'),
(804, 48, '08'),
(805, 48, '09'),
(806, 48, '10'),
(807, 48, '11'),
(808, 48, '12'),
(809, 48, '15'),
(810, 48, '16'),
(811, 48, '17'),
(812, 48, '5A'),
(813, 49, '01'),
(814, 49, '02'),
(815, 49, '03'),
(816, 49, '05'),
(817, 49, '06'),
(818, 49, '07'),
(819, 49, '08'),
(820, 49, '09'),
(821, 49, '10'),
(822, 49, '11'),
(823, 49, '12'),
(824, 49, '15'),
(825, 49, '16'),
(826, 49, '17'),
(827, 49, '5A'),
(828, 50, '01'),
(829, 50, '02'),
(830, 50, '03'),
(831, 50, '05'),
(832, 50, '06'),
(833, 50, '07'),
(834, 50, '08'),
(835, 50, '09'),
(836, 50, '10'),
(837, 50, '11'),
(838, 50, '12'),
(839, 50, '15'),
(840, 50, '16'),
(841, 50, '17'),
(842, 50, '5A'),
(843, 51, '01'),
(844, 51, '02'),
(845, 51, '03'),
(846, 51, '05'),
(847, 51, '06'),
(848, 51, '07'),
(849, 51, '08'),
(850, 51, '09'),
(851, 51, '10'),
(852, 51, '11'),
(853, 51, '12'),
(854, 51, '15'),
(855, 51, '16'),
(856, 51, '17'),
(857, 52, '01'),
(858, 52, '02'),
(859, 52, '03'),
(860, 52, '05'),
(861, 52, '06'),
(862, 52, '07'),
(863, 52, '08'),
(864, 52, '09'),
(865, 52, '10'),
(866, 52, '11'),
(867, 52, '12'),
(868, 52, '15'),
(869, 52, '16'),
(870, 52, '17'),
(871, 52, '18'),
(872, 52, '19'),
(873, 52, '20'),
(874, 52, '21'),
(875, 52, '23'),
(876, 52, '25'),
(877, 52, '26'),
(878, 52, '27'),
(879, 53, '01'),
(880, 53, '02'),
(881, 53, '03'),
(882, 53, '05'),
(883, 53, '06'),
(884, 53, '07'),
(885, 53, '08'),
(886, 53, '09'),
(887, 53, '10'),
(888, 53, '11'),
(889, 53, '12'),
(890, 53, '15'),
(891, 53, '16'),
(892, 53, '17'),
(893, 53, '18'),
(894, 53, '19'),
(895, 53, '20'),
(896, 53, '21'),
(897, 53, '23'),
(898, 53, '25'),
(899, 53, '26'),
(900, 53, '27'),
(901, 54, '01'),
(902, 54, '02'),
(903, 54, '03'),
(904, 54, '05'),
(905, 54, '06'),
(906, 54, '07'),
(907, 54, '08'),
(908, 54, '09'),
(909, 54, '10'),
(910, 54, '11'),
(911, 54, '12'),
(912, 54, '15'),
(913, 54, '16'),
(914, 54, '17'),
(915, 54, '18'),
(916, 54, '19'),
(917, 54, '20'),
(918, 54, '21'),
(919, 54, '23'),
(920, 54, '25'),
(921, 54, '26'),
(922, 54, '27'),
(923, 55, '01'),
(924, 55, '02'),
(925, 55, '03'),
(926, 55, '05'),
(927, 55, '06'),
(928, 55, '07'),
(929, 55, '08'),
(930, 55, '09'),
(931, 55, '10'),
(932, 55, '11'),
(933, 55, '12'),
(934, 55, '15'),
(935, 55, '16'),
(936, 55, '17'),
(937, 55, '18'),
(938, 55, '19'),
(939, 55, '20'),
(940, 55, '21'),
(941, 55, '23'),
(942, 55, '25'),
(943, 55, '26'),
(944, 55, '27'),
(945, 56, '01'),
(946, 56, '02'),
(947, 56, '03'),
(948, 56, '05'),
(949, 56, '06'),
(950, 56, '07'),
(951, 56, '08'),
(952, 56, '09'),
(953, 56, '10'),
(954, 56, '11'),
(955, 56, '12'),
(956, 56, '15'),
(957, 56, '16'),
(958, 56, '17'),
(959, 56, '18'),
(960, 56, '19'),
(961, 56, '20'),
(962, 56, '21'),
(963, 56, '23'),
(964, 56, '25'),
(965, 56, '26'),
(966, 56, '27'),
(967, 57, '01'),
(968, 57, '02'),
(969, 57, '03'),
(970, 57, '05'),
(971, 57, '06'),
(972, 57, '07'),
(973, 57, '08'),
(974, 57, '09'),
(975, 57, '10'),
(976, 57, '11'),
(977, 57, '12'),
(978, 57, '15'),
(979, 57, '16'),
(980, 57, '17'),
(981, 57, '18'),
(982, 57, '19'),
(983, 57, '20'),
(984, 57, '21'),
(985, 57, '23'),
(986, 57, '25'),
(987, 57, '26'),
(988, 57, '27'),
(989, 58, '01'),
(990, 58, '02'),
(991, 58, '03'),
(992, 58, '05'),
(993, 58, '06'),
(994, 58, '07'),
(995, 58, '08'),
(996, 58, '09'),
(997, 58, '10'),
(998, 58, '11'),
(999, 58, '12'),
(1000, 58, '15'),
(1001, 58, '16'),
(1002, 58, '17'),
(1003, 58, '18'),
(1004, 58, '19'),
(1005, 58, '20'),
(1006, 58, '21'),
(1007, 58, '23'),
(1008, 58, '25'),
(1009, 58, '26'),
(1010, 58, '27'),
(1011, 59, '01'),
(1012, 59, '02'),
(1013, 59, '03'),
(1014, 59, '05'),
(1015, 59, '06'),
(1016, 59, '07'),
(1017, 59, '08'),
(1018, 59, '09'),
(1019, 59, '10'),
(1020, 59, '11'),
(1021, 59, '12'),
(1022, 59, '15'),
(1023, 59, '16'),
(1024, 59, '17'),
(1025, 59, '18'),
(1026, 59, '19'),
(1027, 59, '20'),
(1028, 59, '21'),
(1029, 59, '23'),
(1030, 59, '25'),
(1031, 59, '26'),
(1032, 59, '27'),
(1033, 60, '01'),
(1034, 60, '02'),
(1035, 60, '03'),
(1036, 60, '05'),
(1037, 60, '06'),
(1038, 60, '07'),
(1039, 60, '08'),
(1040, 60, '09'),
(1041, 60, '10'),
(1042, 60, '11'),
(1043, 60, '12'),
(1044, 60, '15'),
(1045, 60, '16'),
(1046, 60, '17'),
(1047, 60, '18'),
(1048, 60, '19'),
(1049, 60, '20'),
(1050, 60, '21'),
(1051, 60, '23'),
(1052, 60, '25'),
(1053, 60, '26'),
(1054, 60, '27'),
(1055, 61, '01'),
(1056, 61, '02'),
(1057, 61, '03'),
(1058, 61, '05'),
(1059, 61, '06'),
(1060, 61, '07'),
(1061, 61, '08'),
(1062, 61, '09'),
(1063, 61, '10'),
(1064, 61, '11'),
(1065, 61, '12'),
(1066, 61, '15'),
(1067, 61, '16'),
(1068, 61, '17'),
(1069, 61, '18'),
(1070, 61, '19'),
(1071, 61, '20'),
(1072, 61, '21'),
(1073, 61, '23'),
(1074, 61, '25'),
(1075, 61, '26'),
(1076, 61, '27'),
(1077, 62, '01'),
(1078, 62, '02'),
(1079, 62, '03'),
(1080, 62, '05'),
(1081, 62, '06'),
(1082, 62, '07'),
(1083, 62, '08'),
(1084, 62, '09'),
(1085, 62, '10'),
(1086, 62, '11'),
(1087, 62, '12'),
(1088, 62, '15'),
(1089, 62, '16'),
(1090, 62, '17'),
(1091, 62, '18'),
(1092, 62, '19'),
(1093, 62, '20'),
(1094, 62, '21'),
(1095, 62, '23'),
(1096, 62, '25'),
(1097, 62, '26'),
(1098, 62, '27'),
(1099, 63, '01'),
(1100, 63, '02'),
(1101, 63, '03'),
(1102, 63, '05'),
(1103, 63, '06'),
(1104, 63, '07'),
(1105, 63, '08'),
(1106, 63, '09'),
(1107, 63, '10'),
(1108, 63, '11'),
(1109, 63, '12'),
(1110, 63, '15'),
(1111, 63, '16'),
(1112, 63, '17'),
(1113, 63, '18'),
(1114, 63, '19'),
(1115, 63, '20'),
(1116, 63, '21'),
(1117, 63, '23'),
(1118, 63, '25'),
(1119, 63, '26'),
(1120, 63, '27'),
(1121, 64, '01'),
(1122, 64, '02'),
(1123, 64, '03'),
(1124, 64, '05'),
(1125, 64, '06'),
(1126, 64, '07'),
(1127, 64, '08'),
(1128, 64, '09'),
(1129, 64, '10'),
(1130, 64, '11'),
(1131, 64, '12'),
(1132, 64, '15'),
(1133, 64, '16'),
(1134, 64, '17'),
(1135, 64, '18'),
(1136, 64, '19'),
(1137, 64, '20'),
(1138, 64, '21'),
(1139, 64, '23'),
(1140, 64, '25'),
(1141, 64, '26'),
(1142, 64, '27'),
(1143, 65, '01'),
(1144, 65, '02'),
(1145, 65, '03'),
(1146, 65, '05'),
(1147, 65, '06'),
(1148, 65, '07'),
(1149, 65, '08'),
(1150, 65, '09'),
(1151, 65, '10'),
(1152, 65, '11'),
(1153, 65, '12'),
(1154, 65, '15'),
(1155, 65, '16'),
(1156, 65, '17'),
(1157, 65, '18'),
(1158, 65, '19'),
(1159, 65, '20'),
(1160, 65, '21'),
(1161, 65, '23'),
(1162, 65, '25'),
(1163, 65, '26'),
(1164, 65, '27'),
(1165, 66, '01'),
(1166, 66, '02'),
(1167, 66, '03'),
(1168, 66, '05'),
(1169, 66, '06'),
(1170, 66, '07'),
(1171, 66, '08'),
(1172, 66, '09'),
(1173, 66, '10'),
(1174, 66, '11'),
(1175, 66, '12'),
(1176, 66, '15'),
(1177, 66, '16'),
(1178, 66, '17'),
(1179, 66, '18'),
(1180, 66, '7A'),
(1181, 66, '8A'),
(1182, 67, '01'),
(1183, 67, '02'),
(1184, 67, '03'),
(1185, 67, '05'),
(1186, 67, '06'),
(1187, 67, '07'),
(1188, 67, '08'),
(1189, 67, '09'),
(1190, 67, '10'),
(1191, 67, '11'),
(1192, 67, '12'),
(1193, 67, '15'),
(1194, 67, '16'),
(1195, 67, '17'),
(1196, 67, '18'),
(1197, 67, '19'),
(1198, 67, '20'),
(1199, 67, '21'),
(1200, 67, '23'),
(1201, 67, '25'),
(1202, 67, '26'),
(1203, 68, '01'),
(1204, 68, '02'),
(1205, 68, '03'),
(1206, 68, '05'),
(1207, 68, '06'),
(1208, 68, '07'),
(1209, 68, '08'),
(1210, 68, '09'),
(1211, 68, '10'),
(1212, 68, '11'),
(1213, 68, '12'),
(1214, 68, '15'),
(1215, 68, '16'),
(1216, 68, '17'),
(1217, 68, '18'),
(1218, 68, '19'),
(1219, 68, '20'),
(1220, 69, '01'),
(1221, 69, '02'),
(1222, 69, '03'),
(1223, 69, '05'),
(1224, 69, '06'),
(1225, 69, '07'),
(1226, 69, '08'),
(1227, 69, '09'),
(1228, 69, '10'),
(1229, 69, '11'),
(1230, 69, '12'),
(1231, 69, '15'),
(1232, 69, '16'),
(1233, 69, '17'),
(1234, 69, '18'),
(1235, 69, '19'),
(1236, 69, '1A'),
(1237, 69, '1B'),
(1238, 69, '20'),
(1239, 69, '21'),
(1240, 69, '23'),
(1241, 69, '25'),
(1242, 69, '26'),
(1243, 69, '27'),
(1244, 69, '28'),
(1245, 69, '2A'),
(1246, 69, '2B'),
(1247, 70, '01'),
(1248, 70, '02'),
(1249, 70, '03'),
(1250, 70, '05'),
(1251, 70, '06'),
(1252, 70, '07'),
(1253, 70, '08'),
(1254, 70, '09'),
(1255, 70, '10'),
(1256, 70, '11'),
(1257, 70, '12'),
(1258, 70, '15'),
(1259, 70, '16'),
(1260, 70, '17'),
(1261, 70, '18'),
(1262, 70, '19'),
(1263, 70, '1A'),
(1264, 70, '1B'),
(1265, 70, '20'),
(1266, 70, '21'),
(1267, 70, '23'),
(1268, 70, '25'),
(1269, 70, '26'),
(1270, 70, '27'),
(1271, 70, '28');

-- --------------------------------------------------------

--
-- Table structure for table `users`
--

CREATE TABLE `users` (
  `user_id` int NOT NULL,
  `peserta_id` int NOT NULL,
  `username` varchar(50) NOT NULL,
  `password` varchar(255) NOT NULL
) ENGINE=InnoDB DEFAULT CHARSET=utf8mb4 COLLATE=utf8mb4_0900_ai_ci;

--
-- Indexes for dumped tables
--

--
-- Indexes for table `admin`
--
ALTER TABLE `admin`
  ADD PRIMARY KEY (`admin_id`);

--
-- Indexes for table `lantai`
--
ALTER TABLE `lantai`
  ADD PRIMARY KEY (`lantai_id`),
  ADD KEY `tower_id` (`tower_id`);

--
-- Indexes for table `peserta`
--
ALTER TABLE `peserta`
  ADD PRIMARY KEY (`peserta_id`),
  ADD KEY `unit_id` (`unit_id`);

--
-- Indexes for table `setting`
--
ALTER TABLE `setting`
  ADD PRIMARY KEY (`setting_id`);

--
-- Indexes for table `tower`
--
ALTER TABLE `tower`
  ADD PRIMARY KEY (`tower_id`);

--
-- Indexes for table `unit`
--
ALTER TABLE `unit`
  ADD PRIMARY KEY (`unit_id`),
  ADD KEY `lantai_id` (`lantai_id`);

--
-- Indexes for table `users`
--
ALTER TABLE `users`
  ADD PRIMARY KEY (`user_id`),
  ADD KEY `peserta_id` (`peserta_id`);

--
-- AUTO_INCREMENT for dumped tables
--

--
-- AUTO_INCREMENT for table `admin`
--
ALTER TABLE `admin`
  MODIFY `admin_id` int NOT NULL AUTO_INCREMENT, AUTO_INCREMENT=2;

--
-- AUTO_INCREMENT for table `lantai`
--
ALTER TABLE `lantai`
  MODIFY `lantai_id` int NOT NULL AUTO_INCREMENT, AUTO_INCREMENT=71;

--
-- AUTO_INCREMENT for table `peserta`
--
ALTER TABLE `peserta`
  MODIFY `peserta_id` int NOT NULL AUTO_INCREMENT, AUTO_INCREMENT=2;

--
-- AUTO_INCREMENT for table `setting`
--
ALTER TABLE `setting`
  MODIFY `setting_id` int NOT NULL AUTO_INCREMENT;

--
-- AUTO_INCREMENT for table `tower`
--
ALTER TABLE `tower`
  MODIFY `tower_id` int NOT NULL AUTO_INCREMENT, AUTO_INCREMENT=10;

--
-- AUTO_INCREMENT for table `unit`
--
ALTER TABLE `unit`
  MODIFY `unit_id` int NOT NULL AUTO_INCREMENT, AUTO_INCREMENT=1272;

--
-- AUTO_INCREMENT for table `users`
--
ALTER TABLE `users`
  MODIFY `user_id` int NOT NULL AUTO_INCREMENT;

--
-- Constraints for dumped tables
--

--
-- Constraints for table `lantai`
--
ALTER TABLE `lantai`
  ADD CONSTRAINT `lantai_ibfk_1` FOREIGN KEY (`tower_id`) REFERENCES `tower` (`tower_id`);

--
-- Constraints for table `peserta`
--
ALTER TABLE `peserta`
  ADD CONSTRAINT `peserta_ibfk_1` FOREIGN KEY (`unit_id`) REFERENCES `unit` (`unit_id`);

--
-- Constraints for table `unit`
--
ALTER TABLE `unit`
  ADD CONSTRAINT `unit_ibfk_1` FOREIGN KEY (`lantai_id`) REFERENCES `lantai` (`lantai_id`);

--
-- Constraints for table `users`
--
ALTER TABLE `users`
  ADD CONSTRAINT `users_ibfk_1` FOREIGN KEY (`peserta_id`) REFERENCES `peserta` (`peserta_id`);
COMMIT;

/*!40101 SET CHARACTER_SET_CLIENT=@OLD_CHARACTER_SET_CLIENT */;
/*!40101 SET CHARACTER_SET_RESULTS=@OLD_CHARACTER_SET_RESULTS */;
/*!40101 SET COLLATION_CONNECTION=@OLD_COLLATION_CONNECTION */;
